phase,acc_A,acc_B
after_A,0.9100000262260437,
after_B,0.5166666507720947,0.9100000262260437
