phase,acc_A,acc_B
after_A,0.9100000262260437,
after_B,0.6366666555404663,0.9133333563804626
